minimo,maximo,media,mediana,variancia,desvio_padrao,UF
0,18800000,244817.736293027,60000,983301509323.342,991615.605627172,AC
0,61073670.33,900904.72629659,3e+05,6521584358370.61,2553739.28942847,SP
